Iteration,Total Time (seconds),Compilation Success
1,1.7648184299468994,True
2,63.16884756088257,True
3,71.49198794364929,True
4,76.72335457801819,True
5,64.31869602203369,True
